{"Train/loss": 1.480021357536316, "Train/ke_loss": 1.480021357536316, "epoch": 0, "trainer/global_step": 203, "_timestamp": 1725780490.504269, "_runtime": 19953.103787899017, "_step": 5, "Eval/loss": 2.029747724533081, "Eval/f1": 0.36726272106170654, "Eval/best_f1": 0.36726272106170654, "Test/f1": 0.36726272106170654, "_wandb": {"runtime": 19952}}