{"Train/loss": 2.028841018676758, "Train/ke_loss": 2.028841018676758, "epoch": 0, "trainer/global_step": 49, "_timestamp": 1725697817.582123, "_runtime": 84.10528707504272, "_step": 0, "_wandb": {"runtime": 250}}