{"Train/loss": 0.6919496655464172, "Train/ke_loss": 22.34567642211914, "epoch": 9, "trainer/global_step": 2030, "_timestamp": 1725786092.562759, "_runtime": 2658.247116804123, "_step": 50, "Eval/loss": 1.4500691890716553, "Eval/f1": 0.5134431719779968, "Eval/best_f1": 0.5134431719779968, "Test/f1": 0.5134431719779968, "_wandb": {"runtime": 2657}}