{"Train/loss": 1.4796172380447388, "Train/ke_loss": 28.313222885131836, "epoch": 0, "trainer/global_step": 203, "_timestamp": 1725782885.0425055, "_runtime": 823.1361794471741, "_step": 5, "Eval/loss": 2.0297513008117676, "Eval/f1": 0.36726272106170654, "Eval/best_f1": 0.36726272106170654, "Test/f1": 0.36726272106170654, "_wandb": {"runtime": 822}}